id,Station,State_Region,Sector_Type,Generation_Type,Actual_Generation_MU,Latitude,Longitude,Solar_Irradiance_kWh/m2/day_GHI,DNI_kWh/m2/day (est),Wind_Speed_m/s,Temp_C_mean,Average_RH_%,Capacity_MW,Grid_Access_km,Distance_From_Water_km,Land_Cost_rs_per_acre,Regulatory_Ease_0-1,Demand_Center_Dist_km,Storage_Availability_score_0-1,Terrain,Land_Use,Soil_Type
1,AURAIYA,Uttar Pradesh,Central,Solar,4.23,26.8467,80.9462,4.32,2.94,8.63,21.8,60,10.8,5,59.4,147499,0.67,248,0,Semi-arid plain,Industrial fringe,Clay
2,DADRI SOLAR,Uttar Pradesh,Central,Solar,0.48,26.8467,80.9462,5.71,4.18,6.01,25,41,434.4,13.1,15.2,41325,0.55,319,0.05,Coastal plain,Private farmland,Loamy
3,SINGRAULI SOLAR,Uttar Pradesh,Central,Solar,17.07,26.8467,80.9462,5.42,4.17,2.98,30.4,43,590.1,20.2,50.9,63157,0.68,249,0.2,Coastal plain,Industrial fringe,Rocky
4,UNCHAHAR SOLAR,Uttar Pradesh,Private,Solar,0.95,26.8467,80.9462,4.94,3.62,3.88,25,66,86.8,23.2,44.2,223014,0.54,237,0,Semi-arid plain,Fallows,Rocky
5,DEVIKOT Solar,Rajasthan,Central,Solar,39.98,27.0238,74.2179,5.37,4.53,3.95,31.7,64,469,4.9,78.8,227681,0.73,23,0,Degraded scrubland,Fallows,Clay
6,FATEHGARH SOLAR PV PROJECT,Rajasthan,Central,Solar,56.21,27.0238,74.2179,6.99,5.22,2.85,20.2,44,111.4,18.3,47.1,97773,0.7,187,0.2,Degraded scrubland,Private farmland,Silty
7,KOLAYAT SOLAR POWER,Rajasthan,Central,Solar,85.9,27.0238,74.2179,4.31,2.98,7.58,27.4,72,353,19.4,79.9,39592,0.95,175,0,Degraded scrubland,Common land,Silty
8,NOKHRA Solar,Rajasthan,Central,Solar,47.89,27.0238,74.2179,5.72,3.8,8.41,22.1,46,1278.2,14.4,54.4,235954,0.78,208,0,Semi-arid plain,Private farmland,Loamy
9,NTPC ANTA SOLAR PV STATION,Rajasthan,Central,Solar,10.09,27.0238,74.2179,4.18,2.61,6.68,21.6,58,131.6,5.7,10.7,45607,0.62,36,0.05,Coastal plain,Industrial fringe,Loamy
10,ABC RENEWABLE ENERGY,Rajasthan,Private,Solar,46.9,27.0238,74.2179,5.22,3.39,3.68,20.4,21,494.4,13.5,46.4,199398,0.52,225,0,Hilly,Private farmland,Lateritic
11,ACME CHITTORGARH ENERGY PVT LTD.,Rajasthan,Private,Solar,40.63,27.0238,74.2179,4.5,3.01,7.98,21.5,35,130.5,2.4,70,231347,0.64,99,0.05,Degraded scrubland,Fallows,Lateritic
12,ACME HEERGARH POWERTECH PRIVATE LIMITED,Rajasthan,Private,Solar,55.91,27.0238,74.2179,4.47,3.21,5.99,23,66,31.4,2,26.3,218201,0.79,176,0,Semi-arid plain,Agricultural,Lateritic
13,ADANI RENEWABLE ENERGY RJ LIMITED (ARERJL),Rajasthan,Private,Solar,35.99,27.0238,74.2179,6.09,4.24,2.59,24.9,51,304.4,4.9,103.5,45525,0.75,28,0.1,Coastal plain,Industrial fringe,Rocky
14,ADANI SOLAR ENERGY JAISALMER TWO PRIVATE LIMITED,Rajasthan,Private,Solar,28.29,27.0238,74.2179,5.47,3.75,4.42,31.8,29,46.3,3.3,16.6,180261,0.44,125,0,Semi-arid plain,Agricultural,Loamy
15,ADANI SOLAR ENERGY JAISALMER TWO PVT LTD (PROJECT-2),Rajasthan,Private,Solar,26.45,27.0238,74.2179,6.84,4.84,2.58,25.4,68,331,14.8,53.7,190962,0.47,102,0.1,Degraded scrubland,Common land,Rocky
16,ADANI SOLAR ENERGY RJ TWO PVT LTD_BHADLA,Rajasthan,Private,Solar,8.75,27.0238,74.2179,5.3,3.98,4.29,25.1,20,543.7,23.8,15.5,239133,0.72,228,0,Desert,Common land,Clay
17,ADANI SOLAR ENERGY RJ TWO PVT LTD_FATEGARH 2,Rajasthan,Private,Solar,38.96,27.0238,74.2179,6.92,4.79,3.88,30.9,63,503.9,10.5,54,226217,0.48,189,0,Degraded scrubland,Barren,Lateritic
18,ADEPT RENEWABLE TECHNOLOGIES PVT LTD,Rajasthan,Private,Solar,18.7,27.0238,74.2179,6.44,4.8,3.62,25.5,65,71.2,12.2,61.7,42386,0.47,58,0,Flat agricultural,Fallows,Clay
19,ALTRA XERGI POWER PRIVATE LIMITED,Rajasthan,Private,Solar,66.25,27.0238,74.2179,5.06,3.92,4.43,20.2,68,30.7,24.8,107.5,46235,0.7,339,0.1,Semi-arid plain,Fallows,Sandy
20,AMP ENERGY GREEN SIX PRIVATE LIMITED,Rajasthan,Private,Solar,17.92,27.0238,74.2179,3.6,2.39,6.12,31.3,73,688.9,5.5,96.8,132013,0.59,212,0,Hilly,Common land,Sandy
21,AMPLUS AGES PRIVATE LIMITED,Rajasthan,Private,Solar,16.27,27.0238,74.2179,6.01,4.82,3.04,21.7,23,564.6,23.1,52.9,48204,0.88,202,0.1,Desert,Fallows,Silty
22,AVAADA RJHN PVT LTD,Rajasthan,Private,Solar,39.16,27.0238,74.2179,6.92,5.79,4.18,30.9,43,251.8,21.8,36.4,208838,0.95,348,0,Desert,Common land,Lateritic
23,AVAADA SUNCE ENERGY PVT LTD BIKANER,Rajasthan,Private,Solar,56.53,27.0238,74.2179,6.89,5.8,3.71,23,53,372.8,17.1,46.2,144467,0.82,191,0,Hilly,Fallows,Silty
24,AVAADA SUNRAYS ENERGY PVT LTD,Rajasthan,Private,Solar,58.86,27.0238,74.2179,5.55,4.04,4.07,28.3,60,542.4,15.6,76,170061,0.71,50,0.3,Semi-arid plain,Industrial fringe,Sandy
25,AVAADA SUSTAINABLE RJ PROJECT PVT,Rajasthan,Private,Solar,49.07,27.0238,74.2179,5.68,3.61,5.59,31,52,394.8,12.8,74.3,102325,0.75,99,0.15,Coastal plain,Fallows,Clay
26,AYANA RENEWABLE POWER ONE PVT LTD BIKANER,Rajasthan,Private,Solar,51.86,27.0238,74.2179,5.68,3.59,3.84,22.2,29,29.3,5.2,24.4,49514,0.47,172,0,Semi-arid plain,Private farmland,Loamy
27,AYANA RENEWABLE THREE PVT LTD,Rajasthan,Private,Solar,25.67,27.0238,74.2179,6.22,4.31,3.52,22,38,6.5,15.3,104.9,246976,0.7,324,0,Degraded scrubland,Agricultural,Rocky
28,AZURE POWER FORTY THREE PRIVATE LTD,Rajasthan,Private,Solar,108.41,27.0238,74.2179,5.78,3.8,3.56,21.4,42,321.9,10.1,32.9,34415,0.58,89,0,Semi-arid plain,Private farmland,Rocky
29,AZURE POWER INDIA PVT LTD,Rajasthan,Private,Solar,32.16,27.0238,74.2179,5.7,4.28,3.67,29.6,47,354,9.1,69.9,227922,0.73,100,0,Coastal plain,Common land,Silty
30,AZURE POWER MAPLE PVT LTD,Rajasthan,Private,Solar,51.18,27.0238,74.2179,3.87,2.33,5.75,22,34,1346.2,10.8,21.2,246123,0.46,151,0,Hilly,Barren,Rocky
31,AZURE POWER THIRTY FOUR PRIVATE LTD,Rajasthan,Private,Solar,23.79,27.0238,74.2179,6.3,4.58,3.57,26.2,61,127,5.8,116.3,191974,0.69,253,0.2,Degraded scrubland,Private farmland,Lateritic
32,BANDERWALA SOLAR PLANT LTD,Rajasthan,Private,Solar,38.54,27.0238,74.2179,5.64,4.58,3.6,27.1,30,412.3,1.1,15.1,55673,0.66,220,0,Coastal plain,Private farmland,Sandy
33,CLEAN SOLAR POWER (BHADLA) PVT LDT,Rajasthan,Private,Solar,54.76,27.0238,74.2179,5.63,4.61,7.89,18.7,67,1243.6,20.8,115.1,71009,0.53,229,0.05,Degraded scrubland,Industrial fringe,Sandy
34,CLEAN SOLAR POWER (JODHPUR) PRIVATE LIMITED,Rajasthan,Private,Solar,39.4,27.0238,74.2179,4.56,3.12,6.21,28.5,52,356,14,135.9,229423,0.74,58,0,Degraded scrubland,Barren,Clay
35,EDEN RENEWABLE CITE PRIVATE LIMITED,Rajasthan,Private,Solar,56.42,27.0238,74.2179,5.56,3.97,8.15,20.1,42,380.2,14.7,114.2,197740,0.88,132,0,Degraded scrubland,Common land,Rocky
36,GRIAN ENERGY PRIVATE LIMITED,Rajasthan,Private,Solar,15.95,27.0238,74.2179,5.52,3.52,4.04,20.2,49,341.5,20.8,87.4,240996,0.59,95,0.1,Semi-arid plain,Private farmland,Clay
37,ADANI RENEWABLE ENERGY FOUR PVT LTD,Rajasthan,Private,Solar,9.19,27.0238,74.2179,6.68,4.76,4.36,27.3,54,553.9,14.8,86.3,163477,0.63,263,0,Flat agricultural,Private farmland,Clay
38,M/S ADANI SOLAR ENERGY JODHPUR TWO LTD,Rajasthan,Private,Solar,9.25,27.0238,74.2179,4.42,3.3,5.22,22.7,69,16.9,13.9,56.7,232368,0.59,134,0,Semi-arid plain,Barren,Sandy
39,AZURE POWER FORTY ONE PRIVATE LIMITED,Rajasthan,Private,Solar,52.43,27.0238,74.2179,4.91,3.17,2.57,24,59,170.2,13.4,30.3,244619,0.65,203,0,Degraded scrubland,Industrial fringe,Lateritic
40,M/S. ADANI SOLAR ENERGY RJ TWO PRIVATE LIMITED,Rajasthan,Private,Solar,39.09,27.0238,74.2179,6.5,4.81,3.2,26.1,51,229.7,8.1,101.2,187093,0.69,196,0.1,Flat agricultural,Agricultural,Silty
41,M/S. ONEVOLT ENERGY PRIVATE LIMITED,Rajasthan,Private,Solar,15.66,27.0238,74.2179,6.11,3.94,3.32,20.3,27,431,6.3,80.8,80836,0.77,26,0,Degraded scrubland,Fallows,Lateritic
42,MEGA SOILS RENEWABLE PRIVATE LIMITED,Rajasthan,Private,Solar,44.4,27.0238,74.2179,6.31,4.71,4.21,30.8,39,402.5,22.5,28.6,32860,0.45,88,0,Coastal plain,Common land,Clay
43,MEGA SURYAURJA PVT LTD,Rajasthan,Private,Solar,45.63,27.0238,74.2179,4.1,2.96,6.52,26.3,39,940,11.5,67.3,94782,0.92,271,0,Flat agricultural,Agricultural,Silty
44,RENEW SOLAR ENERGY (JHARKHAND THREE) PVT LTD,Rajasthan,Private,Solar,52.71,27.0238,74.2179,5.17,3.85,3.58,28.2,32,87.9,13.6,101,67769,0.55,26,0.3,Semi-arid plain,Common land,Loamy
45,RENEW SOLAR POWER PVT LTD,Rajasthan,Private,Solar,21.83,27.0238,74.2179,3.97,2.8,5.04,19.9,74,1312.1,17,93.6,68581,0.9,158,0.05,Hilly,Private farmland,Loamy
46,RENEW SOLAR POWER PVT LTD. BIKANER,Rajasthan,Private,Solar,39.23,27.0238,74.2179,6.79,4.92,3.94,27.9,67,241,12.6,114.7,89380,0.7,73,0,Hilly,Barren,Sandy
47,RENEW SOLAR URJA PVT LTD,Rajasthan,Private,Solar,51.42,27.0238,74.2179,4.69,3.76,3.96,26.4,54,263.7,20.2,33.3,182833,0.55,214,0.2,Coastal plain,Common land,Rocky
48,RENEW SUN BRIGHT PVT LTD,Rajasthan,Private,Solar,51.53,27.0238,74.2179,4.72,2.88,4.42,29.9,51,456.6,24.5,88.3,228740,0.76,248,0.1,Flat agricultural,Common land,Loamy
49,RENEW SUN WAVES PRIVATE LIMITED,Rajasthan,Private,Solar,49.58,27.0238,74.2179,6.79,5.09,2.57,29.1,34,555,12.4,116.7,219649,0.86,125,0.3,Semi-arid plain,Fallows,Silty
50,RENEW SURYA AAYAN PRIVATE LIMITED,Rajasthan,Private,Solar,47.26,27.0238,74.2179,4.28,2.59,7.9,18.9,42,813.8,16,120.7,224915,0.74,96,0,Coastal plain,Agricultural,Loamy
51,RENEW SURYA PRATAP PRIVATE LIMITED,Rajasthan,Private,Solar,38.14,27.0238,74.2179,4.6,3.58,7.51,30.2,79,1154.7,18.7,68.5,82530,0.46,137,0,Degraded scrubland,Agricultural,Rocky
52,RENEW SURYA RAVI PVT LTD,Rajasthan,Private,Solar,45.78,27.0238,74.2179,3.79,3.07,8.83,29.2,39,886.9,15.4,147.5,228819,0.94,265,0.1,Hilly,Barren,Rocky
53,RENEW SURYA ROSHNI PVT LTD,Rajasthan,Private,Solar,49.08,27.0238,74.2179,5.7,3.74,8.3,29.2,59,332.3,13.6,82.6,87251,0.68,182,0,Flat agricultural,Barren,Clay
54,RENEW SURYA VIHAAN PRIVATE LIMITED,Rajasthan,Private,Solar,21.69,27.0238,74.2179,4.73,3.69,4.25,23.5,26,533.8,20.4,114.9,174153,0.7,48,0.2,Hilly,Private farmland,Clay
55,RISING SUN ENERGY (K) PVT LTD,Rajasthan,Private,Solar,35.27,27.0238,74.2179,3.68,2.35,8.4,24.9,51,892.7,17.3,125.5,154461,0.55,309,0,Coastal plain,Industrial fringe,Sandy
56,SB ENERGY FOUR PVT LTD,Rajasthan,Private,Solar,38.66,27.0238,74.2179,4.97,2.99,4.26,32.5,43,528,6.5,5.6,229914,0.4,203,0.2,Desert,Common land,Rocky
57,SB ENERGY SIX PRIVATE LTD.,Rajasthan,Private,Solar,46.46,27.0238,74.2179,5.15,3.31,3.77,27,58,68.7,24.1,92.5,105211,0.75,327,0.1,Desert,Private farmland,Rocky
58,TATA POWER GREEN ENERGY LIMITED,Rajasthan,Private,Solar,35.64,27.0238,74.2179,6.27,4.27,3.45,20.8,23,512.2,11.7,118.9,172466,0.73,146,0.1,Desert,Barren,Sandy
59,TATA POWER RENEWABLE ENERGY LTD,Rajasthan,Private,Solar,50.69,27.0238,74.2179,5.18,4.36,4.49,25.5,42,102.4,6.3,96.4,48123,0.77,235,0.1,Coastal plain,Barren,Sandy
60,TATA POWER SAURYA LIMITED,Rajasthan,Private,Solar,15.14,27.0238,74.2179,5.3,4.3,3.95,29.7,30,521.5,12.3,87.2,149511,0.49,87,0.1,Desert,Common land,Clay
61,THAR SURYA 1 PRIVATE LIMITED,Rajasthan,Private,Solar,49.67,27.0238,74.2179,6.49,3.91,3.46,21.5,26,412.9,12.8,54.5,44125,0.72,108,0,Coastal plain,Common land,Sandy
62,TRANSITION RENEWABLE ENERGY,Rajasthan,Private,Solar,13.02,27.0238,74.2179,4.17,2.86,7.78,30,67,69,6.8,77.3,247065,0.48,184,0,Degraded scrubland,Industrial fringe,Rocky
63,ADANI HYBRID ENERGY JAISALMER FOUR LTD SOLAR,Rajasthan,Private,Solar,132.22,27.0238,74.2179,6.71,5.53,2.67,30.7,37,196.6,17.6,117.4,210716,0.42,241,0,Coastal plain,Common land,Clay
64,ADANI HYBRID ENERGY JAISALMER ONE LIMITED SOLAR,Rajasthan,Private,Solar,68.59,27.0238,74.2179,6.84,4.85,4.39,28.1,59,369.3,14.3,60.7,161444,0.83,178,0.1,Flat agricultural,Industrial fringe,Loamy
65,ADANI HYBRID ENERGY JAISALMER THREE LIMITED,Rajasthan,Private,Solar,63.27,27.0238,74.2179,6.04,3.75,3.16,26.1,57,523.7,4.9,54.9,34589,0.76,129,0,Flat agricultural,Barren,Clay
66,ADANI HYBRID ENERGY JAISALMER TWO LIMITED,Rajasthan,Private,Solar,63.62,27.0238,74.2179,6.6,5.16,2.85,32.5,40,508.5,19.4,77.3,141065,0.7,189,0.2,Flat agricultural,Industrial fringe,Loamy
67,ADANI JAISALMER ONE SEPL SOLAR,Rajasthan,Private,Solar,73.81,27.0238,74.2179,4.14,3.01,7.37,30.8,36,938.2,4.2,98.4,187481,0.9,79,0.05,Hilly,Private farmland,Silty
68,SERENTICA RENEWABLES INDIA 4 PRIVATE LIMITED_BKN2,Rajasthan,Private,Solar,31.88,27.0238,74.2179,5.51,3.63,3.69,27.5,53,61.7,10.6,80,218756,0.4,214,0,Hilly,Industrial fringe,Lateritic
69,TRANSITION GREEN ENERGY PRIVATE LIMITED,Rajasthan,Private,Solar,16.7,27.0238,74.2179,4.53,3.67,7.68,20,49,885.9,9.6,142.8,113458,0.73,137,0,Hilly,Common land,Sandy
70,TRANSITION SUSTAINABLE ENERGY SERVICES PVT LTD,Rajasthan,Private,Solar,8.67,27.0238,74.2179,3.76,2.63,6.08,18.8,54,1405.5,11.9,15.5,235452,0.57,187,0,Degraded scrubland,Industrial fringe,Loamy
71,AMP Green Energy Five Pvt Ltd,Rajasthan,Private,Solar,17.29,27.0238,74.2179,5.14,4.32,3.54,24.5,46,79.8,23.6,20.3,191237,0.49,82,0,Desert,Private farmland,Lateritic
72,Adani Green Energy Twenty Five Ltd,Rajasthan,Private,Solar,73.1,27.0238,74.2179,4.54,3.12,2.99,30.8,63,462.3,23,18,162134,0.92,292,0.2,Desert,Fallows,Loamy
73,Juniper Green Cosmic Pvt Ltd,Rajasthan,Private,Solar,14.95,27.0238,74.2179,5.78,4.01,8.01,19.3,40,172.6,23.2,101.1,126397,0.9,309,0.05,Coastal plain,Common land,Clay
74,ACME DEOGHAR SOLAR POWER PRIVATE LIMITED,Rajasthan,Private,Solar,57.03,27.0238,74.2179,4.9,3.41,7.25,23.3,55,898.8,1.4,86.4,159153,0.49,232,0,Semi-arid plain,Private farmland,Sandy
75,ACME PHALODI SOLAR ENERGY PRIVATE LIMITED,Rajasthan,Private,Solar,57.25,27.0238,74.2179,4.28,3.59,6.52,23.6,56,805.1,20.5,95.1,187987,0.93,26,0.05,Coastal plain,Common land,Rocky
76,TRANSITION SUSTAINABLE ENERGY SERVICES ONE PVT LTD,Rajasthan,Private,Solar,8.56,27.0238,74.2179,3.95,2.49,5.67,26.6,53,1008.4,14.9,140.1,49717,0.79,151,0,Desert,Industrial fringe,Loamy
77,SERENTICA RENEWABLES INDIA 5 PRIVATE LIMITED,Rajasthan,Private,Solar,31.1,27.0238,74.2179,6.27,5.15,2.71,27.4,32,577.9,14.2,60.6,39550,0.75,333,0.2,Degraded scrubland,Private farmland,Lateritic
78,ACME RAISAR SOLAR ENERGY PRIVATE LIMITED_INFIRM,Rajasthan,Private,Solar,56.73,27.0238,74.2179,6.6,4.24,4.3,24.6,31,469.4,11.2,36.6,176860,0.45,225,0.2,Flat agricultural,Agricultural,Lateritic
79,ACME DHAULPUR POWERTECH PRIVATE LIMITED_INFIRM,Rajasthan,Private,Solar,56.58,27.0238,74.2179,4.56,3.24,3.78,27.9,47,143,12.9,50,247312,0.48,249,0.1,Coastal plain,Agricultural,Silty
80,ADANI GREEN ENERGY TWENTY FOUR LIMITED_INFIRM,Rajasthan,Private,Solar,78.63,27.0238,74.2179,4.89,3.02,6.35,30.7,67,404.7,10.6,100.3,110730,0.59,223,0,Desert,Fallows,Rocky
81,AMP ENERGY GREEN FOUR PRIVATE LIMITED,Rajasthan,Private,Solar,16.4,27.0238,74.2179,5,4.2,7.13,22.5,43,1007.5,14.4,149.2,190743,0.66,39,0.05,Hilly,Agricultural,Rocky
82,GORBEA SOLAR PRIVATE LIMITED,Rajasthan,Private,Solar,48.21,27.0238,74.2179,5.56,4.27,4.14,20,35,588.8,3.9,59.6,244316,0.41,263,0,Hilly,Fallows,Sandy
83,KARNISAR SOLAR PLANT NHPC LIMITED,Rajasthan,Private,Solar,27.31,27.0238,74.2179,6.02,4.29,3.51,22.1,23,75,10.1,31.1,106190,0.53,188,0,Coastal plain,Industrial fringe,Silty
84,SJVN GREEN ENERGY LIMITED,Rajasthan,Private,Solar,63.31,27.0238,74.2179,6.98,4.75,4.2,22.7,66,74.2,22.1,99,220972,0.84,280,0,Hilly,Private farmland,Sandy
85,TRANSITION CLEANTECH SERVICES PRIVATE LIMITED,Rajasthan,Private,Solar,14.28,27.0238,74.2179,5.94,4.32,3.46,24.1,50,87.8,8.6,108.3,239615,0.85,239,0.2,Semi-arid plain,Common land,Loamy
86,NTPC NOKH SOLAR PROJECT,Rajasthan,Private,Solar,76.03,27.0238,74.2179,4.87,2.99,8.75,30.3,40,1278.7,15.5,10,110255,0.61,206,0,Semi-arid plain,Agricultural,Sandy
87,JUNIPER NIRJARA ENERGY PRIVATE LIMITED,Rajasthan,Private,Solar,7.2,27.0238,74.2179,3.78,2.39,6.21,19.4,63,102.8,20.5,81.3,165348,0.57,225,0.15,Hilly,Private farmland,Loamy
88,NEEMBA RENEW SURYA VIHAAN PRIVATE LIMITED,Rajasthan,Private,Solar,26.31,27.0238,74.2179,4.45,2.68,8.31,28.3,67,26.4,1.5,68.3,87158,0.82,65,0,Desert,Fallows,Lateritic
89,RENEW SURYA JYOTI PRIVATE LIMITED,Rajasthan,Private,Solar,30.63,27.0238,74.2179,5.87,4.93,3.41,31,24,295.5,18.7,22.3,134723,0.61,150,0,Degraded scrubland,Agricultural,Lateritic
90,EDEN RENEWABLE ALMA PRIVATE LIMITED,Rajasthan,Private,Solar,22.52,27.0238,74.2179,6.52,4.16,2.65,23.6,66,155.6,12.9,94.8,114996,0.65,94,0.2,Flat agricultural,Industrial fringe,Lateritic
91,JUNA RENEWABLE ENERGY PRIVATE LIMITED,Rajasthan,Private,Solar,37.83,27.0238,74.2179,3.7,2.38,7.87,19,28,28,9.5,143.9,95237,0.59,275,0.05,Coastal plain,Industrial fringe,Clay
92,KHIDRAT RENEWABLE ENERGY PRIVATE LIMITED,Rajasthan,Private,Solar,39.07,27.0238,74.2179,3.55,2.55,5.33,31.6,41,1156.1,5.9,97.5,56705,0.74,275,0,Flat agricultural,Fallows,Loamy
93,ADANI SOLAR ENERGY JODHPUR SIX PRIVATE LIMITED,Rajasthan,Private,Solar,24.8,27.0238,74.2179,4.78,3.6,3.47,32,46,371.8,3.7,23,161676,0.45,144,0,Degraded scrubland,Industrial fringe,Loamy
94,XL XERGI POWER PRIVATE LIMITED,Rajasthan,Private,Solar,8.75,27.0238,74.2179,5.54,3.77,7.58,22,69,1293.4,7.1,128.5,196109,0.65,297,0.1,Degraded scrubland,Industrial fringe,Clay
95,ADANI HYBRID ENERGY JAISALMER FOUR LTD WIND,Rajasthan,Private,Wind,117.94,27.0238,74.2179,4.77,2.97,3.87,21.2,68,295.6,10.9,22.3,196800,0.81,221,0,Degraded scrubland,Barren,Lateritic
96,ADANI HYBRID ENERGY JAISALMER ONE LIMITED WIND,Rajasthan,Private,Wind,23.17,27.0238,74.2179,5.9,4.06,4.12,29.6,64,170.4,16.8,27.3,98404,0.81,288,0.2,Coastal plain,Barren,Loamy
97,ADANI HYBRID ENERGY JAISALMER THREE LIMITED WIND,Rajasthan,Private,Wind,18.52,27.0238,74.2179,4.87,3.13,3.11,31.4,69,224.1,22.3,56.6,160469,0.62,156,0.2,Desert,Agricultural,Silty
98,ADANI HYBRID ENERGY JAISALMER TWO LIMITED WIND,Rajasthan,Private,Wind,18.21,27.0238,74.2179,5.78,4.47,3.95,21.4,31,423.3,15.4,11.1,162472,0.41,126,0,Degraded scrubland,Barren,Silty
99,ADANI JAISALMER ONE SEPL WIND,Rajasthan,Private,Wind,27.38,27.0238,74.2179,5.8,4.4,3.25,21.6,56,145.3,20.2,47.7,198649,0.8,118,0,Flat agricultural,Fallows,Silty
100,Arinsun_RUMS Solar (Barsaitadesh),Madhya Pradesh,Private,Solar,29.45,23.2599,77.4126,5.87,4.93,3.41,31,24,295.5,18.7,22.3,134723,0.61,150,0,Degraded scrubland,Agricultural,Lateritic
101,Mahindra_RUMS Solar (Badwar),Madhya Pradesh,Private,Solar,28.55,23.2599,77.4126,5.120830303,3.623848485,5.041581818,25.82030303,48.25454545,514.3719394,13.75581818,80.62618182,153835.1788,0.657406061,191.6133333,0.073545455,Degraded scrubland,Industrial fringe,Rocky
102,Masaya BWSPRA_KNDW,Madhya Pradesh,Private,Solar,25.25,23.2599,77.4126,5.116224962,3.619835584,5.044280468,25.82621002,48.24156616,515.8389481,13.76571557,80.82515572,153889.3647,0.657210141,191.8666667,0.073813681,Semi-arid plain,Industrial fringe,Clay
103,NTPC_REL_SJPR_RUMS,Madhya Pradesh,Private,Solar,19.01,23.2599,77.4126,5.111619622,3.615822682,5.046979118,25.83211701,48.22858686,517.3059568,13.77561296,81.02412961,153943.5506,0.657014221,192.12,0.074081908,Coastal plain,Private farmland,Loamy
104,TPSOURY_KWAI_NMCH,Madhya Pradesh,Private,Solar,42.66,23.2599,77.4126,5.107014281,3.611809781,5.049677768,25.838024,48.21560756,518.7729655,13.78551035,81.22310351,153997.7365,0.656818302,192.3733333,0.074350135,Coastal plain,Industrial fringe,Rocky
105,Talettutayi SJPR RUM,Madhya Pradesh,Private,Solar,16.04,23.2599,77.4126,5.102408941,3.60779688,5.052376418,25.84393099,48.20262826,520.2399742,13.79540774,81.42207741,154051.9225,0.656622382,192.6266667,0.074618362,Semi-arid plain,Fallows,Rocky
106,Sherisha Raipur,Chhattisgarh,Private,Solar,4.89,21.2787,81.8661,5.0978036,3.603783978,5.055075068,25.84983798,48.18964896,521.7069829,13.80530513,81.62105131,154106.1084,0.656426463,192.88,0.074886589,Degraded scrubland,Fallows,Clay
107,Solapur Solar,Maharashtra,Central,Solar,1.5,19.7515,75.7139,5.09319826,3.599771077,5.057773717,25.85574497,48.17666967,523.1739916,13.81520252,81.8200252,154160.2943,0.656230543,193.1333333,0.075154815,Degraded scrubland,Private farmland,Silty
108,NTPCCREL1 SJPR RUMS,Gujarat,Private,Solar,10.15,22.2587,71.1924,5.088592919,3.595758176,5.060472367,25.86165197,48.16369037,524.6410003,13.82509991,82.0189991,154214.4802,0.656034623,193.3866667,0.075423042,Degraded scrubland,Common land,Silty
109,NTPCCREL PSS2 KPS2,Gujarat,Private,Solar,32.15,22.2587,71.1924,5.083987579,3.591745275,5.063171017,25.86755896,48.15071107,526.108009,13.8349973,82.217973,154268.6661,0.655838704,193.64,0.075691269,Semi-arid plain,Private farmland,Loamy
110,ARE45L PSS5 KPS1,Gujarat,Private,Solar,22.28,22.2587,71.1924,5.079382238,3.587732373,5.065869667,25.87346595,48.13773177,527.5750177,13.84489469,82.41694689,154322.852,0.655642784,193.8933333,0.075959496,Coastal plain,Industrial fringe,Loamy
111,ARE56L_PSS10,Gujarat,Private,Solar,36.25,22.2587,71.1924,5.074776898,3.583719472,5.068568317,25.87937294,48.12475248,529.0420264,13.85479208,82.61592079,154377.038,0.655446865,194.1466667,0.076227723,Hilly,Private farmland,Lateritic
112,ARE56L_PSS10 SI,Gujarat,Private,Solar,0.84,22.2587,71.1924,5.070171557,3.579706571,5.071266967,25.88527993,48.11177318,530.5090351,13.86468947,82.81489469,154431.2239,0.655250945,194.4,0.07649595,Degraded scrubland,Fallows,Lateritic
113,BlueLeaf,Gujarat,Private,Solar,35.65,22.2587,71.1924,5.065566217,3.575693669,5.073965617,25.89118692,48.09879388,531.9760438,13.87458686,83.01386859,154485.4098,0.655055026,194.6533333,0.076764176,Semi-arid plain,Agricultural,Lateritic
114,Electro Solaire Private Limited (ESPL RSP Solar),Gujarat,Private,Solar,32.57,22.2587,71.1924,5.060960876,3.571680768,5.076664266,25.89709391,48.08581458,533.4430525,13.88448425,83.21284248,154539.5957,0.654859106,194.9066667,0.077032403,Coastal plain,Industrial fringe,Rocky
115,Tata Power Renewable Energy Limited (TPREL RSP Solar),Gujarat,Private,Solar,16.54,22.2587,71.1924,5.056355536,3.567667867,5.079362916,25.9030009,48.07283528,534.9100612,13.89438164,83.41181638,154593.7816,0.654663186,195.16,0.07730063,Semi-arid plain,Agricultural,Loamy
116,Gujarat Industries Power Company Limited (GIPCL RSP Solar),Gujarat,Private,Solar,14.45,22.2587,71.1924,5.051750195,3.563654965,5.082061566,25.90890789,48.05985599,536.3770699,13.90427903,83.61079028,154647.9675,0.654467267,195.4133333,0.077568857,Degraded scrubland,Common land,Rocky
117,RPL_SECI-II,Gujarat,Private,Solar,62.2,22.2587,71.1924,5.047144854,3.559642064,5.084760216,25.91481488,48.04687669,537.8440786,13.91417642,83.80976418,154702.1535,0.654271347,195.6666667,0.077837084,Desert,Common land,Clay
118,Kawas NTPC,Gujarat,Central,Solar,6.19,22.2587,71.1924,5.042539514,3.555629163,5.087458866,25.92072187,48.03389739,539.3110873,13.92407381,84.00873807,154756.3394,0.654075428,195.92,0.078105311,Degraded scrubland,Barren,Lateritic
119,Gandhar_Solar,Gujarat,Private,Solar,22.42,22.2587,71.1924,5.037934173,3.551616262,5.090157516,25.92662886,48.02091809,540.778096,13.9339712,84.20771197,154810.5253,0.653879508,196.1733333,0.078373537,Flat agricultural,Fallows,Clay
120,GSECL RSP,Gujarat,Private,Solar,10.58,22.2587,71.1924,5.033328833,3.54760336,5.092856166,25.93253585,48.00793879,542.2451047,13.94386859,84.40668587,154864.7112,0.653683588,196.4266667,0.078641764,Semi-arid plain,Fallows,Sandy
121,GSECL PH2 ,Gujarat,Private,Solar,9.77,22.2587,71.1924,5.028723492,3.543590459,5.095554815,25.93844284,47.9949595,543.7121134,13.95376598,84.60565977,154918.8971,0.653487669,196.68,0.078909991,Hilly,Common land,Sandy
122,GIPCL PSS1 KPS2,Gujarat,Private,Solar,17.35,22.2587,71.1924,5.024118152,3.539577558,5.098253465,25.94434983,47.9819802,545.1791221,13.96366337,84.80463366,154973.083,0.653291749,196.9333333,0.079178218,Desert,Fallows,Silty
123,Alfanar,Gujarat,Private,Wind,70.38,22.2587,71.1924,5.019512811,3.535564656,5.100952115,25.95025683,47.9690009,546.6461308,13.97356076,85.00360756,155027.269,0.65309583,197.1866667,0.079446445,Desert,Common land,Lateritic
124,AHEJ5L_PSS5,Gujarat,Private,Wind,33.21,22.2587,71.1924,5.014907471,3.531551755,5.103650765,25.95616382,47.9560216,548.1131395,13.98345815,85.20258146,155081.4549,0.65289991,197.44,0.079714671,Hilly,Fallows,Silty
125,APRAAVA KHKRDA JAM,Gujarat,Private,Wind,101.73,22.2587,71.1924,5.01030213,3.527538854,5.106349415,25.96207081,47.9430423,549.5801482,13.99335554,85.40155536,155135.6408,0.65270399,197.6933333,0.079982898,Semi-arid plain,Industrial fringe,Sandy
126,AGE26BL_PSS10,Gujarat,Private,Wind,27.46,22.2587,71.1924,5.00569679,3.523525953,5.109048065,25.9679778,47.93006301,551.0471569,14.00325293,85.60052925,155189.8267,0.652508071,197.9466667,0.080251125,Coastal plain,Fallows,Clay
127,ASEJ6PL PSS8 KPS3,Gujarat,Private,Wind,25.69,22.2587,71.1924,5.001091449,3.519513051,5.111746715,25.97388479,47.91708371,552.5141656,14.01315032,85.79950315,155244.0126,0.652312151,198.2,0.080519352,Semi-arid plain,Private farmland,Loamy
128,ASEJ6PL PSS9 KPS1,Gujarat,Private,Wind,82.57,22.2587,71.1924,4.996486109,3.51550015,5.114445365,25.97979178,47.90410441,553.9811743,14.0230477,85.99847705,155298.1985,0.652116232,198.4533333,0.080787579,Degraded scrubland,Agricultural,Rocky
129,AWEMP1PL,Gujarat,Private,Wind,116.49,22.2587,71.1924,4.991880768,3.511487249,5.117144014,25.98569877,47.89112511,555.448183,14.03294509,86.19745095,155352.3845,0.651920312,198.7066667,0.081055806,Semi-arid plain,Private farmland,Rocky
130,ATHENA,Gujarat,Private,Wind,27.48,22.2587,71.1924,4.987275428,3.507474347,5.119842664,25.99160576,47.87814581,556.9151917,14.04284248,86.39642484,155406.5704,0.651724392,198.96,0.081324032,Coastal plain,Common land,Silty
131,AREH5L KHAVDAPS1 QCA,Gujarat,Private,Wind,894.98,22.2587,71.1924,4.982670087,3.503461446,5.122541314,25.99751275,47.86516652,558.3822004,14.05273987,86.59539874,155460.7563,0.651528473,199.2133333,0.081592259,Hilly,Barren,Rocky
132,Ostro Kutch Wind Private Limted  (OKWPL),Gujarat,Private,Wind,73.48,22.2587,71.1924,4.978064746,3.499448545,5.125239964,26.00341974,47.85218722,559.8492091,14.06263726,86.79437264,155514.9422,0.651332553,199.4666667,0.081860486,Degraded scrubland,Private farmland,Lateritic
133,TeqGreen,Gujarat,Private,Wind,8.29,22.2587,71.1924,4.973459406,3.495435644,5.127938614,26.00932673,47.83920792,561.3162178,14.07253465,86.99334653,155569.1281,0.651136634,199.72,0.082128713,Coastal plain,Private farmland,Sandy
134,Renew Green_SLPR HIS,Gujarat,Private,Wind,46.52,22.2587,71.1924,4.968854065,3.491422742,5.130637264,26.01523372,47.82622862,562.7832265,14.08243204,87.19232043,155623.314,0.650940714,199.9733333,0.08239694,Degraded scrubland,Industrial fringe,Sandy
135,ASIPL BARANDA,Gujarat,Private,Wind,53.03,22.2587,71.1924,4.964248725,3.487409841,5.133335914,26.02114071,47.81324932,564.2502352,14.09232943,87.39129433,155677.5,0.650744794,200.2266667,0.082665167,Degraded scrubland,Barren,Clay
136,MANIKARAN BHUJ1,Gujarat,Private,Wind,361.14,22.2587,71.1924,4.959643384,3.48339694,5.136034563,26.0270477,47.80027003,565.7172439,14.10222682,87.59026823,155731.6859,0.650548875,200.48,0.082933393,Degraded scrubland,Common land,Rocky
137,MANIKARAN BHUJ2,Gujarat,Private,Wind,211.16,22.2587,71.1924,4.955038044,3.479384038,5.138733213,26.0329547,47.78729073,567.1842526,14.11212421,87.78924212,155785.8718,0.650352955,200.7333333,0.08320162,Semi-arid plain,Private farmland,Clay
138,MANIKARAN PACHORA,Gujarat,Private,Wind,66.98,22.2587,71.1924,4.950432703,3.475371137,5.141431863,26.03886169,47.77431143,568.6512613,14.1220216,87.98821602,155840.0577,0.650157036,200.9866667,0.083469847,Flat agricultural,Private farmland,Clay
139,AHEJ5L_PSS5_KPS1,Gujarat,Private,Wind,0,22.2587,71.1924,4.945827363,3.471358236,5.144130513,26.04476868,47.76133213,570.11827,14.13191899,88.18718992,155894.2436,0.649961116,201.24,0.083738074,Semi-arid plain,Barren,Sandy
140,Netra Kotda,Gujarat,Private,Wind,56.02,22.2587,71.1924,4.941222022,3.467345335,5.146829163,26.05067567,47.74835284,571.5852787,14.14181638,88.38616382,155948.4295,0.649765197,201.4933333,0.084006301,Degraded scrubland,Industrial fringe,Lateritic
141,Powerica Wind,Gujarat,Private,Wind,16.85,22.2587,71.1924,4.936616682,3.463332433,5.149527813,26.05658266,47.73537354,573.0522874,14.15171377,88.58513771,156002.6155,0.649569277,201.7466667,0.084274527,Flat agricultural,Agricultural,Silty
142,Torrent Sidpur Jam,Gujarat,Private,Wind,42.36,22.2587,71.1924,4.932011341,3.459319532,5.152226463,26.06248965,47.72239424,574.5192961,14.16161116,88.78411161,156056.8014,0.649373357,202,0.084542754,Degraded scrubland,Fallows,Lateritic
143,NVWEPL_DAYAPAR_BHJ_W,Gujarat,Private,Wind,95.7,22.2587,71.1924,4.927406001,3.455306631,5.154925113,26.06839664,47.70941494,575.9863048,14.17150855,88.98308551,156110.9873,0.649177438,202.2533333,0.084810981,Coastal plain,Common land,Clay
144,SGEL RSP,Gujarat,Private,Wind,16.22,22.2587,71.1924,4.92280066,3.451293729,5.157623762,26.07430363,47.69643564,577.4533135,14.18140594,89.18205941,156165.1732,0.648981518,202.5066667,0.085079208,Flat agricultural,Agricultural,Silty
145,SITAC CHUGGER,Gujarat,Private,Wind,56.02,22.2587,71.1924,4.91819532,3.447280828,5.160322412,26.08021062,47.68345635,578.9203222,14.19130333,89.3810333,156219.3591,0.648785599,202.76,0.085347435,Semi-arid plain,Common land,Loamy
146,AGE26BL_PSS10_KPS1,Gujarat,Private,Wind,0.53,22.2587,71.1924,4.913589979,3.443267927,5.163021062,26.08611761,47.67047705,580.3873309,14.20120072,89.5800072,156273.545,0.648589679,203.0133333,0.085615662,Hilly,Private farmland,Loamy
147,ARE3L_PSS8,Gujarat,Private,Wind,1.71,22.2587,71.1924,4.908984638,3.439255026,5.165719712,26.0920246,47.65749775,581.8543396,14.21109811,89.7789811,156327.731,0.648393759,203.2666667,0.085883888,Hilly,Barren,Sandy
148,AREH5L KHAVDAPS1 QCA INFIRM,Gujarat,Private,Wind,2.11,22.2587,71.1924,4.904379298,3.435242124,5.168418362,26.09793159,47.64451845,583.3213483,14.2209955,89.977955,156381.9169,0.64819784,203.52,0.086152115,Coastal plain,Common land,Rocky
149,AYANARP4_DVSR,Gujarat,Private,Wind,12.58,22.2587,71.1924,4.899773957,3.431229223,5.171117012,26.10383858,47.63153915,584.788357,14.23089289,90.17692889,156436.1028,0.64800192,203.7733333,0.086420342,Flat agricultural,Common land,Loamy
150,AYANARP4_ZURA,Gujarat,Private,Wind,1.04,22.2587,71.1924,4.895168617,3.427216322,5.173815662,26.10974557,47.61855986,586.2553657,14.24079028,90.37590279,156490.2887,0.647806001,204.0266667,0.086688569,Semi-arid plain,Fallows,Silty
151,BlueLeaf _CP,Gujarat,Private,Wind,13.9,22.2587,71.1924,4.890563276,3.42320342,5.176514311,26.11565257,47.60558056,587.7223744,14.25068767,90.57487669,156544.4746,0.647610081,204.28,0.086956796,Coastal plain,Agricultural,Loamy
152,RGMOP Patoda,Gujarat,Private,Wind,8.6,22.2587,71.1924,4.885957936,3.419190519,5.179212961,26.12155956,47.59260126,589.1893831,14.26058506,90.77385059,156598.6605,0.647414161,204.5333333,0.087225023,Degraded scrubland,Agricultural,Rocky
153,TeqGreen Wasi,Gujarat,Private,Wind,4.47,22.2587,71.1924,4.881352595,3.415177618,5.181911611,26.12746655,47.57962196,590.6563918,14.27048245,90.97282448,156652.8465,0.647218242,204.7866667,0.087493249,Hilly,Barren,Rocky
154,RSRPL Ghatnandur,Gujarat,Private,Wind,0.33,22.2587,71.1924,4.876747255,3.411164716,5.184610261,26.13337354,47.56664266,592.1234005,14.28037984,91.17179838,156707.0324,0.647022322,205.04,0.087761476,Flat agricultural,Barren,Clay
155,TeqGreen Wasi,Gujarat,Private,Wind,4.47,22.2587,71.1924,4.872141914,3.407151815,5.187308911,26.13928053,47.55366337,593.5904092,14.29027723,91.37077228,156761.2183,0.646826403,205.2933333,0.088029703,Hilly,Private farmland,Clay
156,RSRPL Ghatnandur,Gujarat,Private,Wind,0.33,22.2587,71.1924,4.867536574,3.403138914,5.190007561,26.14518752,47.54068407,595.0574179,14.30017462,91.56974617,156815.4042,0.646630483,205.5466667,0.08829793,Coastal plain,Industrial fringe,Sandy
157,Betam,Tamil Nadu,Private,Wind,126.63,11.1271,78.6569,4.862931233,3.399126013,5.192706211,26.15109451,47.52770477,596.5244266,14.31007201,91.76872007,156869.5901,0.646434563,205.8,0.088566157,Desert,Common land,Rocky
158,Mal_tuticorin,Tamil Nadu,Private,Wind,293.57,11.1271,78.6569,4.858325893,3.395113111,5.19540486,26.1570015,47.51472547,597.9914353,14.3199694,91.96769397,156923.776,0.646238644,206.0533333,0.088834383,Desert,Private farmland,Rocky
159,GRTJIPL,Tamil Nadu,Private,Solar,28.44,11.1271,78.6569,4.853720552,3.39110021,5.19810351,26.16290849,47.50174617,599.458444,14.32986679,92.16666787,156977.962,0.646042724,206.3066667,0.08910261,Desert,Barren,Sandy
160,Veena Gadag S,Karnataka ,Private,Solar,76.6,11.1271,78.6569,4.849115212,3.387087309,5.20080216,26.16881548,47.48876688,600.9254527,14.33976418,92.36564176,157032.1479,0.645846805,206.56,0.089370837,Coastal plain,Barren,Sandy
161,Mytra,Tamil Nadu,Private,Wind,114.72,11.1271,78.6569,4.844509871,3.383074407,5.20350081,26.17472247,47.47578758,602.3924614,14.34966157,92.56461566,157086.3338,0.645650885,206.8133333,0.089639064,Desert,Common land,Clay
162,ZREPL Hiriyur,Tamil Nadu,Private,Wind,35.72,11.1271,78.6569,4.83990453,3.379061506,5.20619946,26.18062946,47.46280828,603.8594701,14.35955896,92.76358956,157140.5197,0.645454965,207.0666667,0.089907291,Coastal plain,Common land,Sandy
163,Green Infra,Tamil Nadu,Private,Wind,37.74,11.1271,78.6569,4.83529919,3.375048605,5.20889811,26.18653645,47.44982898,605.3264788,14.36945635,92.96256346,157194.7056,0.645259046,207.32,0.090175518,Degraded scrubland,Industrial fringe,Rocky
164,Girel,Tamil Nadu,Private,Wind,131.64,11.1271,78.6569,4.830693849,3.371035704,5.21159676,26.19244344,47.43684968,606.7934875,14.37935374,93.16153735,157248.8915,0.645063126,207.5733333,0.090443744,Coastal plain,Common land,Clay
165,Hiriyur Ostro,Tamil Nadu,Private,Wind,156.79,11.1271,78.6569,4.826088509,3.367022802,5.21429541,26.19835044,47.42387039,608.2604962,14.38925113,93.36051125,157303.0774,0.644867207,207.8266667,0.090711971,Flat agricultural,Industrial fringe,Loamy
166,Sprng Renewable Energy Pvt Ltd(Pugalur),Tamil Nadu,Private,Wind,147.73,11.1271,78.6569,4.821483168,3.363009901,5.216994059,26.20425743,47.41089109,609.727505,14.39914851,93.55948515,157357.2634,0.644671287,208.08,0.090980198,Flat agricultural,Barren,Clay
167,JSW Renew Energy Two Limited ( Tuticorin),Tamil Nadu,Private,Wind,81.64,11.1271,78.6569,4.816877828,3.358997,5.219692709,26.21016442,47.39791179,611.1945137,14.4090459,93.75845905,157411.4493,0.644475368,208.3333333,0.091248425,Flat agricultural,Industrial fringe,Loamy
168,JSW Savlaperi,Tamil Nadu,Private,Wind,214.95,11.1271,78.6569,4.812272487,3.354984098,5.222391359,26.21607141,47.38493249,612.6615224,14.41894329,93.95743294,157465.6352,0.644279448,208.5866667,0.091516652,Hilly,Private farmland,Silty
169,JSWNEO Dharmapuram,Tamil Nadu,Private,Wind,60.98,11.1271,78.6569,4.807667147,3.350971197,5.225090009,26.2219784,47.3719532,614.1285311,14.42884068,94.15640684,157519.8211,0.644083528,208.84,0.091784878,Hilly,Industrial fringe,Lateritic
170,JSWRENEW Karur,Tamil Nadu,Private,Wind,81.64,11.1271,78.6569,4.803061806,3.346958296,5.227788659,26.22788539,47.3589739,615.5955398,14.43873807,94.35538074,157574.007,0.643887609,209.0933333,0.092053105,Hilly,Common land,Sandy
171,Kleio KOPPAL,Karnataka,Private,Wind,57.92,15.3173,75.7138,4.798456466,3.342945395,5.230487309,26.23379238,47.3459946,617.0625485,14.44863546,94.55435464,157628.1929,0.643691689,209.3466667,0.092321332,Degraded scrubland,Industrial fringe,Loamy
172,Arpspl KOPPAL,Karnataka,Private,Wind,139.18,15.3173,75.7138,4.793851125,3.338932493,5.233185959,26.23969937,47.3330153,618.5295572,14.45853285,94.75332853,157682.3789,0.64349577,209.6,0.092589559,Desert,Private farmland,Lateritic
173,RSOPL KOPPAL,Karnataka,Private,Wind,150.28,15.3173,75.7138,4.789245785,3.334919592,5.235884608,26.24560636,47.320036,619.9965659,14.46843024,94.95230243,157736.5648,0.64329985,209.8533333,0.092857786,Desert,Fallows,Loamy
174,RSRPL KOPPAL,Karnataka,Private,Wind,125.24,15.3173,75.7138,4.784640444,3.330906691,5.238583258,26.25151335,47.30705671,621.4635746,14.47832763,95.15127633,157790.7507,0.64310393,210.1066667,0.093126013,Coastal plain,Common land,Clay
175,RSRPL Gadag,Karnataka,Private,Wind,86.48,15.3173,75.7138,4.780035104,3.326893789,5.241281908,26.25742034,47.29407741,622.9305833,14.48822502,95.35025023,157844.9366,0.642908011,210.36,0.093394239,Semi-arid plain,Private farmland,Sandy
176,Serentica_koppal,Karnataka,Private,Wind,28.36,15.3173,75.7138,4.775429763,3.322880888,5.243980558,26.26332733,47.28109811,624.397592,14.49812241,95.54922412,157899.1225,0.642712091,210.6133333,0.093662466,Coastal plain,Common land,Rocky
177,Ramagundam Floating Solar,Telangana,Central,Solar,12.71,15.3173,75.7138,4.770824422,3.318867987,5.246679208,26.26923432,47.26811881,625.8646007,14.5080198,95.74819802,157953.3084,0.642516172,210.8666667,0.093930693,Desert,Industrial fringe,Loamy
178,Ettayapuram NTPC,Tamil Nadu,Central,Solar,45.54,11.1271,78.6569,4.766219082,3.314855086,5.249377858,26.27514131,47.25513951,627.3316094,14.51791719,95.94717192,158007.4944,0.642320252,211.12,0.09419892,Degraded scrubland,Private farmland,Lateritic
179,Ramagundam Floating Solar,Telangana,Central,Solar,12.71,15.3173,75.7138,4.761613741,3.310842184,5.252076508,26.2810483,47.24216022,628.7986181,14.52781458,96.14614581,158061.6803,0.642124332,211.3733333,0.094467147,Flat agricultural,Agricultural,Lateritic
180,Ettayapuram NTPC,Tamil Nadu,Central,Solar,45.54,11.1271,78.6569,4.757008401,3.306829283,5.254775158,26.2869553,47.22918092,630.2656268,14.53771197,96.34511971,158115.8662,0.641928413,211.6266667,0.094735374,Coastal plain,Agricultural,Silty
